 {
   "$schema": "https://schema.management.azure.com/schemas/2015-01-01/deploymentTemplate.json#",
   "contentVersion": "1.0.0.0",
   "parameters": {
     "storageAccountName":{
       "type": "string",
       "metadata": {
         "description": "Azure Storage account name."
       }
     },
     "location": {
       "type": "string",
       "defaultValue": "[resourceGroup().location]",
       "metadata": {
         "description": "Location for all resources."
       }
     }
   },
   "resources": [
     {
       "type": "Microsoft.Storage/storageAccounts",
       "name": "[parameters('storageAccountName')]",
       "apiVersion": "2016-01-01",
       "location": "[parameters('location')]",
       "sku": {
         "name": "Standard_LRS"
       },
       "kind": "Storage",
       "properties": {}
     }
   ],
   "outputs": {
       "storageUri": {
           "type": "string",
           "value": "[reference(parameters('storageAccountName')).primaryEndpoints.blob]"
         }
   }
 }